Indicator Name,What Is This Indicator,Location Type,Location,Indicator Value,Indicator Value Units,Lower Confidence Interval,Upper Confidence Interval,Indicator Value Unstable,Period of Measure,Data Source,Technical Note,Breakout Title,Breakout Category,Breakout Subcategory,Breakout Value,Breakout Value Units,Breakout Lower Confidence Interval,Breakout Upper Confidence Interval,Breakout Unstable,Breakout Footer
Adults with Arthritis,This indicator shows the percentage ofÂ adults aged 18 and over who have been told by a healthÂ professional that they have arthritis.,Census Tract,48453000101,17.4,percent,16.3,18.8,No,2014,CDC - 500 Cities Project,Sub-county small area estimates use state and county data from the CDC's Behavioral Risk Factor Surveillance System (BRFSS) in tandem with demographic data for census tracts and cities. It is not appropriate to use this data for evaluation purposes.,,,,,,,,,
Adults with Arthritis,This indicator shows the percentage ofÂ adults aged 18 and over who have been told by a healthÂ professional that they have arthritis.,Census Tract,48453000102,20.5,percent,19.3,22,No,2014,CDC - 500 Cities Project,Sub-county small area estimates use state and county data from the CDC's Behavioral Risk Factor Surveillance System (BRFSS) in tandem with demographic data for census tracts and cities. It is not appropriate to use this data for evaluation purposes.,,,,,,,,,
Adults with Arthritis,This indicator shows the percentage ofÂ adults aged 18 and over who have been told by a healthÂ professional that they have arthritis.,Census Tract,48453000203,6.9,percent,6.6,7.3,No,2014,CDC - 500 Cities Project,Sub-county small area estimates use state and county data from the CDC's Behavioral Risk Factor Surveillance System (BRFSS) in tandem with demographic data for census tracts and cities. It is not appropriate to use this data for evaluation purposes.,,,,,,,,,
Adults with Arthritis,This indicator shows the percentage ofÂ adults aged 18 and over who have been told by a healthÂ professional that they have arthritis.,Census Tract,48453000204,12,percent,11.5,12.6,No,2014,CDC - 500 Cities Project,Sub-county small area estimates use state and county data from the CDC's Behavioral Risk Factor Surveillance System (BRFSS) in tandem with demographic data for census tracts and cities. It is not appropriate to use this data for evaluation purposes.,,,,,,,,,
Adults with Arthritis,This indicator shows the percentage ofÂ adults aged 18 and over who have been told by a healthÂ professional that they have arthritis.,Census Tract,48453000205,11.1,percent,10.6,11.8,No,2014,CDC - 500 Cities Project,Sub-county small area estimates use state and county data from the CDC's Behavioral Risk Factor Surveillance System (BRFSS) in tandem with demographic data for census tracts and cities. It is not appropriate to use this data for evaluation purposes.,,,,,,,,,
Adults with Arthritis,This indicator shows the percentage ofÂ adults aged 18 and over who have been told by a healthÂ professional that they have arthritis.,Census Tract,48453000206,16.8,percent,15.8,18,No,2014,CDC - 500 Cities Project,Sub-county small area estimates use state and county data from the CDC's Behavioral Risk Factor Surveillance System (BRFSS) in tandem with demographic data for census tracts and cities. It is not appropriate to use this data for evaluation purposes.,,,,,,,,,
Adults with Arthritis,This indicator shows the percentage ofÂ adults aged 18 and over who have been told by a healthÂ professional that they have arthritis.,Census Tract,48453000302,10,percent,9.4,10.5,No,2014,CDC - 500 Cities Project,Sub-county small area estimates use state and county data from the CDC's Behavioral Risk Factor Surveillance System (BRFSS) in tandem with demographic data for census tracts and cities. It is not appropriate to use this data for evaluation purposes.,,,,,,,,,
Adults with Arthritis,This indicator shows the percentage ofÂ adults aged 18 and over who have been told by a healthÂ professional that they have arthritis.,Census Tract,48453000304,9.1,percent,8.7,9.6,No,2014,CDC - 500 Cities Project,Sub-county small area estimates use state and county data from the CDC's Behavioral Risk Factor Surveillance System (BRFSS) in tandem with demographic data for census tracts and cities. It is not appropriate to use this data for evaluation purposes.,,,,,,,,,
Adults with Arthritis,This indicator shows the percentage ofÂ adults aged 18 and over who have been told by a healthÂ professional that they have arthritis.,Census Tract,48453000305,9.4,percent,8.9,10.1,No,2014,CDC - 500 Cities Project,Sub-county small area estimates use state and county data from the CDC's Behavioral Risk Factor Surveillance System (BRFSS) in tandem with demographic data for census tracts and cities. It is not appropriate to use this data for evaluation purposes.,,,,,,,,,
Adults with Arthritis,This indicator shows the percentage ofÂ adults aged 18 and over who have been told by a healthÂ professional that they have arthritis.,Census Tract,48453000306,10.3,percent,9.7,11,No,2014,CDC - 500 Cities Project,Sub-county small area estimates use state and county data from the CDC's Behavioral Risk Factor Surveillance System (BRFSS) in tandem with demographic data for census tracts and cities. It is not appropriate to use this data for evaluation purposes.,,,,,,,,,
Adults with Arthritis,This indicator shows the percentage ofÂ adults aged 18 and over who have been told by a healthÂ professional that they have arthritis.,Census Tract,48453000307,15,percent,14.1,15.8,No,2014,CDC - 500 Cities Project,Sub-county small area estimates use state and county data from the CDC's Behavioral Risk Factor Surveillance System (BRFSS) in tandem with demographic data for census tracts and cities. It is not appropriate to use this data for evaluation purposes.,,,,,,,,,
Adults with Arthritis,This indicator shows the percentage ofÂ adults aged 18 and over who have been told by a healthÂ professional that they have arthritis.,Census Tract,48453000401,8.3,percent,7.9,8.7,No,2014,CDC - 500 Cities Project,Sub-county small area estimates use state and county data from the CDC's Behavioral Risk Factor Surveillance System (BRFSS) in tandem with demographic data for census tracts and cities. It is not appropriate to use this data for evaluation purposes.,,,,,,,,,
Adults with Arthritis,This indicator shows the percentage ofÂ adults aged 18 and over who have been told by a healthÂ professional that they have arthritis.,Census Tract,48453000402,14.7,percent,14,15.6,No,2014,CDC - 500 Cities Project,Sub-county small area estimates use state and county data from the CDC's Behavioral Risk Factor Surveillance System (BRFSS) in tandem with demographic data for census tracts and cities. It is not appropriate to use this data for evaluation purposes.,,,,,,,,,
Adults with Arthritis,This indicator shows the percentage ofÂ adults aged 18 and over who have been told by a healthÂ professional that they have arthritis.,Census Tract,48453000500,8.1,percent,7.6,8.7,No,2014,CDC - 500 Cities Project,Sub-county small area estimates use state and county data from the CDC's Behavioral Risk Factor Surveillance System (BRFSS) in tandem with demographic data for census tracts and cities. It is not appropriate to use this data for evaluation purposes.,,,,,,,,,
Adults with Arthritis,This indicator shows the percentage ofÂ adults aged 18 and over who have been told by a healthÂ professional that they have arthritis.,Census Tract,48453000601,3.5,percent,3.3,3.8,No,2014,CDC - 500 Cities Project,Sub-county small area estimates use state and county data from the CDC's Behavioral Risk Factor Surveillance System (BRFSS) in tandem with demographic data for census tracts and cities. It is not appropriate to use this data for evaluation purposes.,,,,,,,,,
Adults with Arthritis,This indicator shows the percentage ofÂ adults aged 18 and over who have been told by a healthÂ professional that they have arthritis.,Census Tract,48453000603,4.3,percent,3.8,4.6,No,2014,CDC - 500 Cities Project,Sub-county small area estimates use state and county data from the CDC's Behavioral Risk Factor Surveillance System (BRFSS) in tandem with demographic data for census tracts and cities. It is not appropriate to use this data for evaluation purposes.,,,,,,,,,
Adults with Arthritis,This indicator shows the percentage ofÂ adults aged 18 and over who have been told by a healthÂ professional that they have arthritis.,Census Tract,48453000604,4.3,percent,3.9,4.7,No,2014,CDC - 500 Cities Project,Sub-county small area estimates use state and county data from the CDC's Behavioral Risk Factor Surveillance System (BRFSS) in tandem with demographic data for census tracts and cities. It is not appropriate to use this data for evaluation purposes.,,,,,,,,,
Adults with Arthritis,This indicator shows the percentage ofÂ adults aged 18 and over who have been told by a healthÂ professional that they have arthritis.,Census Tract,48453000700,12.2,percent,11.5,12.9,No,2014,CDC - 500 Cities Project,Sub-county small area estimates use state and county data from the CDC's Behavioral Risk Factor Surveillance System (BRFSS) in tandem with demographic data for census tracts and cities. It is not appropriate to use this data for evaluation purposes.,,,,,,,,,
Adults with Arthritis,This indicator shows the percentage ofÂ adults aged 18 and over who have been told by a healthÂ professional that they have arthritis.,Census Tract,48453000801,22.7,percent,21.6,23.9,No,2014,CDC - 500 Cities Project,Sub-county small area estimates use state and county data from the CDC's Behavioral Risk Factor Surveillance System (BRFSS) in tandem with demographic data for census tracts and cities. It is not appropriate to use this data for evaluation purposes.,,,,,,,,,
Adults with Arthritis,This indicator shows the percentage ofÂ adults aged 18 and over who have been told by a healthÂ professional that they have arthritis.,Census Tract,48453000802,19.3,percent,18.4,20.2,No,2014,CDC - 500 Cities Project,Sub-county small area estimates use state and county data from the CDC's Behavioral Risk Factor Surveillance System (BRFSS) in tandem with demographic data for census tracts and cities. It is not appropriate to use this data for evaluation purposes.,,,,,,,,,
Adults with Arthritis,This indicator shows the percentage ofÂ adults aged 18 and over who have been told by a healthÂ professional that they have arthritis.,Census Tract,48453000803,13.2,percent,12.5,14,No,2014,CDC - 500 Cities Project,Sub-county small area estimates use state and county data from the CDC's Behavioral Risk Factor Surveillance System (BRFSS) in tandem with demographic data for census tracts and cities. It is not appropriate to use this data for evaluation purposes.,,,,,,,,,
Adults with Arthritis,This indicator shows the percentage ofÂ adults aged 18 and over who have been told by a healthÂ professional that they have arthritis.,Census Tract,48453000804,17.4,percent,16.6,18.2,No,2014,CDC - 500 Cities Project,Sub-county small area estimates use state and county data from the CDC's Behavioral Risk Factor Surveillance System (BRFSS) in tandem with demographic data for census tracts and cities. It is not appropriate to use this data for evaluation purposes.,,,,,,,,,
Adults with Arthritis,This indicator shows the percentage ofÂ adults aged 18 and over who have been told by a healthÂ professional that they have arthritis.,Census Tract,48453000901,11.5,percent,11,12.1,No,2014,CDC - 500 Cities Project,Sub-county small area estimates use state and county data from the CDC's Behavioral Risk Factor Surveillance System (BRFSS) in tandem with demographic data for census tracts and cities. It is not appropriate to use this data for evaluation purposes.,,,,,,,,,
Adults with Arthritis,This indicator shows the percentage ofÂ adults aged 18 and over who have been told by a healthÂ professional that they have arthritis.,Census Tract,48453000902,16.3,percent,15.3,17.3,No,2014,CDC - 500 Cities Project,Sub-county small area estimates use state and county data from the CDC's Behavioral Risk Factor Surveillance System (BRFSS) in tandem with demographic data for census tracts and cities. It is not appropriate to use this data for evaluation purposes.,,,,,,,,,
Adults with Arthritis,This indicator shows the percentage ofÂ adults aged 18 and over who have been told by a healthÂ professional that they have arthritis.,Census Tract,48453001000,18,percent,16.9,19,No,2014,CDC - 500 Cities Project,Sub-county small area estimates use state and county data from the CDC's Behavioral Risk Factor Surveillance System (BRFSS) in tandem with demographic data for census tracts and cities. It is not appropriate to use this data for evaluation purposes.,,,,,,,,,
Adults with Arthritis,This indicator shows the percentage ofÂ adults aged 18 and over who have been told by a healthÂ professional that they have arthritis.,Census Tract,48453001100,11.4,percent,10.8,12.2,No,2014,CDC - 500 Cities Project,Sub-county small area estimates use state and county data from the CDC's Behavioral Risk Factor Surveillance System (BRFSS) in tandem with demographic data for census tracts and cities. It is not appropriate to use this data for evaluation purposes.,,,,,,,,,
Adults with Arthritis,This indicator shows the percentage ofÂ adults aged 18 and over who have been told by a healthÂ professional that they have arthritis.,Census Tract,48453001200,10.1,percent,9.7,10.7,No,2014,CDC - 500 Cities Project,Sub-county small area estimates use state and county data from the CDC's Behavioral Risk Factor Surveillance System (BRFSS) in tandem with demographic data for census tracts and cities. It is not appropriate to use this data for evaluation purposes.,,,,,,,,,
Adults with Arthritis,This indicator shows the percentage ofÂ adults aged 18 and over who have been told by a healthÂ professional that they have arthritis.,Census Tract,48453001303,14,percent,13.1,15,No,2014,CDC - 500 Cities Project,Sub-county small area estimates use state and county data from the CDC's Behavioral Risk Factor Surveillance System (BRFSS) in tandem with demographic data for census tracts and cities. It is not appropriate to use this data for evaluation purposes.,,,,,,,,,
Adults with Arthritis,This indicator shows the percentage ofÂ adults aged 18 and over who have been told by a healthÂ professional that they have arthritis.,Census Tract,48453001304,12.6,percent,11.8,13.4,No,2014,CDC - 500 Cities Project,Sub-county small area estimates use state and county data from the CDC's Behavioral Risk Factor Surveillance System (BRFSS) in tandem with demographic data for census tracts and cities. It is not appropriate to use this data for evaluation purposes.,,,,,,,,,
Adults with Arthritis,This indicator shows the percentage ofÂ adults aged 18 and over who have been told by a healthÂ professional that they have arthritis.,Census Tract,48453001305,12.5,percent,11.8,13.4,No,2014,CDC - 500 Cities Project,Sub-county small area estimates use state and county data from the CDC's Behavioral Risk Factor Surveillance System (BRFSS) in tandem with demographic data for census tracts and cities. It is not appropriate to use this data for evaluation purposes.,,,,,,,,,
Adults with Arthritis,This indicator shows the percentage ofÂ adults aged 18 and over who have been told by a healthÂ professional that they have arthritis.,Census Tract,48453001307,13.7,percent,13,14.6,No,2014,CDC - 500 Cities Project,Sub-county small area estimates use state and county data from the CDC's Behavioral Risk Factor Surveillance System (BRFSS) in tandem with demographic data for census tracts and cities. It is not appropriate to use this data for evaluation purposes.,,,,,,,,,
Adults with Arthritis,This indicator shows the percentage ofÂ adults aged 18 and over who have been told by a healthÂ professional that they have arthritis.,Census Tract,48453001308,13.9,percent,13.2,14.5,No,2014,CDC - 500 Cities Project,Sub-county small area estimates use state and county data from the CDC's Behavioral Risk Factor Surveillance System (BRFSS) in tandem with demographic data for census tracts and cities. It is not appropriate to use this data for evaluation purposes.,,,,,,,,,
Adults with Arthritis,This indicator shows the percentage ofÂ adults aged 18 and over who have been told by a healthÂ professional that they have arthritis.,Census Tract,48453001401,10.8,percent,10.2,11.5,No,2014,CDC - 500 Cities Project,Sub-county small area estimates use state and county data from the CDC's Behavioral Risk Factor Surveillance System (BRFSS) in tandem with demographic data for census tracts and cities. It is not appropriate to use this data for evaluation purposes.,,,,,,,,,
Adults with Arthritis,This indicator shows the percentage ofÂ adults aged 18 and over who have been told by a healthÂ professional that they have arthritis.,Census Tract,48453001402,13.8,percent,12.9,14.7,No,2014,CDC - 500 Cities Project,Sub-county small area estimates use state and county data from the CDC's Behavioral Risk Factor Surveillance System (BRFSS) in tandem with demographic data for census tracts and cities. It is not appropriate to use this data for evaluation purposes.,,,,,,,,,
Adults with Arthritis,This indicator shows the percentage ofÂ adults aged 18 and over who have been told by a healthÂ professional that they have arthritis.,Census Tract,48453001403,14.7,percent,13.9,15.5,No,2014,CDC - 500 Cities Project,Sub-county small area estimates use state and county data from the CDC's Behavioral Risk Factor Surveillance System (BRFSS) in tandem with demographic data for census tracts and cities. It is not appropriate to use this data for evaluation purposes.,,,,,,,,,
Adults with Arthritis,This indicator shows the percentage ofÂ adults aged 18 and over who have been told by a healthÂ professional that they have arthritis.,Census Tract,48453001501,18.5,percent,17.4,19.7,No,2014,CDC - 500 Cities Project,Sub-county small area estimates use state and county data from the CDC's Behavioral Risk Factor Surveillance System (BRFSS) in tandem with demographic data for census tracts and cities. It is not appropriate to use this data for evaluation purposes.,,,,,,,,,
Adults with Arthritis,This indicator shows the percentage ofÂ adults aged 18 and over who have been told by a healthÂ professional that they have arthritis.,Census Tract,48453001503,12.7,percent,12.2,13.3,No,2014,CDC - 500 Cities Project,Sub-county small area estimates use state and county data from the CDC's Behavioral Risk Factor Surveillance System (BRFSS) in tandem with demographic data for census tracts and cities. It is not appropriate to use this data for evaluation purposes.,,,,,,,,,
Adults with Arthritis,This indicator shows the percentage ofÂ adults aged 18 and over who have been told by a healthÂ professional that they have arthritis.,Census Tract,48453001504,16.3,percent,15.4,17.3,No,2014,CDC - 500 Cities Project,Sub-county small area estimates use state and county data from the CDC's Behavioral Risk Factor Surveillance System (BRFSS) in tandem with demographic data for census tracts and cities. It is not appropriate to use this data for evaluation purposes.,,,,,,,,,
Adults with Arthritis,This indicator shows the percentage ofÂ adults aged 18 and over who have been told by a healthÂ professional that they have arthritis.,Census Tract,48453001505,15.7,percent,14.6,16.8,No,2014,CDC - 500 Cities Project,Sub-county small area estimates use state and county data from the CDC's Behavioral Risk Factor Surveillance System (BRFSS) in tandem with demographic data for census tracts and cities. It is not appropriate to use this data for evaluation purposes.,,,,,,,,,
Adults with Arthritis,This indicator shows the percentage ofÂ adults aged 18 and over who have been told by a healthÂ professional that they have arthritis.,Census Tract,48453001602,10.2,percent,9.7,10.9,No,2014,CDC - 500 Cities Project,Sub-county small area estimates use state and county data from the CDC's Behavioral Risk Factor Surveillance System (BRFSS) in tandem with demographic data for census tracts and cities. It is not appropriate to use this data for evaluation purposes.,,,,,,,,,
Adults with Arthritis,This indicator shows the percentage ofÂ adults aged 18 and over who have been told by a healthÂ professional that they have arthritis.,Census Tract,48453001603,14.9,percent,14.2,15.8,No,2014,CDC - 500 Cities Project,Sub-county small area estimates use state and county data from the CDC's Behavioral Risk Factor Surveillance System (BRFSS) in tandem with demographic data for census tracts and cities. It is not appropriate to use this data for evaluation purposes.,,,,,,,,,
Adults with Arthritis,This indicator shows the percentage ofÂ adults aged 18 and over who have been told by a healthÂ professional that they have arthritis.,Census Tract,48453001604,19.2,percent,18.2,20.4,No,2014,CDC - 500 Cities Project,Sub-county small area estimates use state and county data from the CDC's Behavioral Risk Factor Surveillance System (BRFSS) in tandem with demographic data for census tracts and cities. It is not appropriate to use this data for evaluation purposes.,,,,,,,,,
Adults with Arthritis,This indicator shows the percentage ofÂ adults aged 18 and over who have been told by a healthÂ professional that they have arthritis.,Census Tract,48453001605,13.3,percent,12.9,13.8,No,2014,CDC - 500 Cities Project,Sub-county small area estimates use state and county data from the CDC's Behavioral Risk Factor Surveillance System (BRFSS) in tandem with demographic data for census tracts and cities. It is not appropriate to use this data for evaluation purposes.,,,,,,,,,
Adults with Arthritis,This indicator shows the percentage ofÂ adults aged 18 and over who have been told by a healthÂ professional that they have arthritis.,Census Tract,48453001606,30.7,percent,29.7,31.9,No,2014,CDC - 500 Cities Project,Sub-county small area estimates use state and county data from the CDC's Behavioral Risk Factor Surveillance System (BRFSS) in tandem with demographic data for census tracts and cities. It is not appropriate to use this data for evaluation purposes.,,,,,,,,,
Adults with Arthritis,This indicator shows the percentage ofÂ adults aged 18 and over who have been told by a healthÂ professional that they have arthritis.,Census Tract,48453001705,19.7,percent,18.8,20.6,No,2014,CDC - 500 Cities Project,Sub-county small area estimates use state and county data from the CDC's Behavioral Risk Factor Surveillance System (BRFSS) in tandem with demographic data for census tracts and cities. It is not appropriate to use this data for evaluation purposes.,,,,,,,,,
Adults with Arthritis,This indicator shows the percentage ofÂ adults aged 18 and over who have been told by a healthÂ professional that they have arthritis.,Census Tract,48453001706,17.1,percent,16.2,18.1,No,2014,CDC - 500 Cities Project,Sub-county small area estimates use state and county data from the CDC's Behavioral Risk Factor Surveillance System (BRFSS) in tandem with demographic data for census tracts and cities. It is not appropriate to use this data for evaluation purposes.,,,,,,,,,
Adults with Arthritis,This indicator shows the percentage ofÂ adults aged 18 and over who have been told by a healthÂ professional that they have arthritis.,Census Tract,48453001707,18.8,percent,17.7,19.9,No,2014,CDC - 500 Cities Project,Sub-county small area estimates use state and county data from the CDC's Behavioral Risk Factor Surveillance System (BRFSS) in tandem with demographic data for census tracts and cities. It is not appropriate to use this data for evaluation purposes.,,,,,,,,,
Adults with Arthritis,This indicator shows the percentage ofÂ adults aged 18 and over who have been told by a healthÂ professional that they have arthritis.,Census Tract,48453001712,21.9,percent,20.5,23.3,No,2014,CDC - 500 Cities Project,Sub-county small area estimates use state and county data from the CDC's Behavioral Risk Factor Surveillance System (BRFSS) in tandem with demographic data for census tracts and cities. It is not appropriate to use this data for evaluation purposes.,,,,,,,,,
Adults with Arthritis,This indicator shows the percentage ofÂ adults aged 18 and over who have been told by a healthÂ professional that they have arthritis.,Census Tract,48453001713,17.2,percent,16.4,18,No,2014,CDC - 500 Cities Project,Sub-county small area estimates use state and county data from the CDC's Behavioral Risk Factor Surveillance System (BRFSS) in tandem with demographic data for census tracts and cities. It is not appropriate to use this data for evaluation purposes.,,,,,,,,,
Adults with Arthritis,This indicator shows the percentage ofÂ adults aged 18 and over who have been told by a healthÂ professional that they have arthritis.,Census Tract,48453001714,13.5,percent,12.9,14.2,No,2014,CDC - 500 Cities Project,Sub-county small area estimates use state and county data from the CDC's Behavioral Risk Factor Surveillance System (BRFSS) in tandem with demographic data for census tracts and cities. It is not appropriate to use this data for evaluation purposes.,,,,,,,,,
Adults with Arthritis,This indicator shows the percentage ofÂ adults aged 18 and over who have been told by a healthÂ professional that they have arthritis.,Census Tract,48453001716,14.8,percent,14,15.9,No,2014,CDC - 500 Cities Project,Sub-county small area estimates use state and county data from the CDC's Behavioral Risk Factor Surveillance System (BRFSS) in tandem with demographic data for census tracts and cities. It is not appropriate to use this data for evaluation purposes.,,,,,,,,,
Adults with Arthritis,This indicator shows the percentage ofÂ adults aged 18 and over who have been told by a healthÂ professional that they have arthritis.,Census Tract,48453001718,15.5,percent,14.7,16.4,No,2014,CDC - 500 Cities Project,Sub-county small area estimates use state and county data from the CDC's Behavioral Risk Factor Surveillance System (BRFSS) in tandem with demographic data for census tracts and cities. It is not appropriate to use this data for evaluation purposes.,,,,,,,,,
Adults with Arthritis,This indicator shows the percentage ofÂ adults aged 18 and over who have been told by a healthÂ professional that they have arthritis.,Census Tract,48453001719,19.4,percent,18.4,20.5,No,2014,CDC - 500 Cities Project,Sub-county small area estimates use state and county data from the CDC's Behavioral Risk Factor Surveillance System (BRFSS) in tandem with demographic data for census tracts and cities. It is not appropriate to use this data for evaluation purposes.,,,,,,,,,
Adults with Arthritis,This indicator shows the percentage ofÂ adults aged 18 and over who have been told by a healthÂ professional that they have arthritis.,Census Tract,48453001722,10.6,percent,10,11.2,No,2014,CDC - 500 Cities Project,Sub-county small area estimates use state and county data from the CDC's Behavioral Risk Factor Surveillance System (BRFSS) in tandem with demographic data for census tracts and cities. It is not appropriate to use this data for evaluation purposes.,,,,,,,,,
Adults with Arthritis,This indicator shows the percentage ofÂ adults aged 18 and over who have been told by a healthÂ professional that they have arthritis.,Census Tract,48453001728,15.3,percent,14.5,16.2,No,2014,CDC - 500 Cities Project,Sub-county small area estimates use state and county data from the CDC's Behavioral Risk Factor Surveillance System (BRFSS) in tandem with demographic data for census tracts and cities. It is not appropriate to use this data for evaluation purposes.,,,,,,,,,
Adults with Arthritis,This indicator shows the percentage ofÂ adults aged 18 and over who have been told by a healthÂ professional that they have arthritis.,Census Tract,48453001729,12.4,percent,11.8,12.9,No,2014,CDC - 500 Cities Project,Sub-county small area estimates use state and county data from the CDC's Behavioral Risk Factor Surveillance System (BRFSS) in tandem with demographic data for census tracts and cities. It is not appropriate to use this data for evaluation purposes.,,,,,,,,,
Adults with Arthritis,This indicator shows the percentage ofÂ adults aged 18 and over who have been told by a healthÂ professional that they have arthritis.,Census Tract,48453001737,13,percent,12.5,13.7,No,2014,CDC - 500 Cities Project,Sub-county small area estimates use state and county data from the CDC's Behavioral Risk Factor Surveillance System (BRFSS) in tandem with demographic data for census tracts and cities. It is not appropriate to use this data for evaluation purposes.,,,,,,,,,
Adults with Arthritis,This indicator shows the percentage ofÂ adults aged 18 and over who have been told by a healthÂ professional that they have arthritis.,Census Tract,48453001738,17.2,percent,16.4,18.1,No,2014,CDC - 500 Cities Project,Sub-county small area estimates use state and county data from the CDC's Behavioral Risk Factor Surveillance System (BRFSS) in tandem with demographic data for census tracts and cities. It is not appropriate to use this data for evaluation purposes.,,,,,,,,,
Adults with Arthritis,This indicator shows the percentage ofÂ adults aged 18 and over who have been told by a healthÂ professional that they have arthritis.,Census Tract,48453001740,13.1,percent,12.2,13.8,No,2014,CDC - 500 Cities Project,Sub-county small area estimates use state and county data from the CDC's Behavioral Risk Factor Surveillance System (BRFSS) in tandem with demographic data for census tracts and cities. It is not appropriate to use this data for evaluation purposes.,,,,,,,,,
Adults with Arthritis,This indicator shows the percentage ofÂ adults aged 18 and over who have been told by a healthÂ professional that they have arthritis.,Census Tract,48453001742,22.1,percent,20.2,24.1,No,2014,CDC - 500 Cities Project,Sub-county small area estimates use state and county data from the CDC's Behavioral Risk Factor Surveillance System (BRFSS) in tandem with demographic data for census tracts and cities. It is not appropriate to use this data for evaluation purposes.,,,,,,,,,
Adults with Arthritis,This indicator shows the percentage ofÂ adults aged 18 and over who have been told by a healthÂ professional that they have arthritis.,Census Tract,48453001745,19.9,percent,18.7,21.3,No,2014,CDC - 500 Cities Project,Sub-county small area estimates use state and county data from the CDC's Behavioral Risk Factor Surveillance System (BRFSS) in tandem with demographic data for census tracts and cities. It is not appropriate to use this data for evaluation purposes.,,,,,,,,,
Adults with Arthritis,This indicator shows the percentage ofÂ adults aged 18 and over who have been told by a healthÂ professional that they have arthritis.,Census Tract,48453001746,14.7,percent,13.9,15.5,No,2014,CDC - 500 Cities Project,Sub-county small area estimates use state and county data from the CDC's Behavioral Risk Factor Surveillance System (BRFSS) in tandem with demographic data for census tracts and cities. It is not appropriate to use this data for evaluation purposes.,,,,,,,,,
Adults with Arthritis,This indicator shows the percentage ofÂ adults aged 18 and over who have been told by a healthÂ professional that they have arthritis.,Census Tract,48453001747,16.9,percent,16,17.7,No,2014,CDC - 500 Cities Project,Sub-county small area estimates use state and county data from the CDC's Behavioral Risk Factor Surveillance System (BRFSS) in tandem with demographic data for census tracts and cities. It is not appropriate to use this data for evaluation purposes.,,,,,,,,,
Adults with Arthritis,This indicator shows the percentage ofÂ adults aged 18 and over who have been told by a healthÂ professional that they have arthritis.,Census Tract,48453001748,12.2,percent,11.5,12.9,No,2014,CDC - 500 Cities Project,Sub-county small area estimates use state and county data from the CDC's Behavioral Risk Factor Surveillance System (BRFSS) in tandem with demographic data for census tracts and cities. It is not appropriate to use this data for evaluation purposes.,,,,,,,,,
Adults with Arthritis,This indicator shows the percentage ofÂ adults aged 18 and over who have been told by a healthÂ professional that they have arthritis.,Census Tract,48453001749,12.3,percent,11.6,13,No,2014,CDC - 500 Cities Project,Sub-county small area estimates use state and county data from the CDC's Behavioral Risk Factor Surveillance System (BRFSS) in tandem with demographic data for census tracts and cities. It is not appropriate to use this data for evaluation purposes.,,,,,,,,,
Adults with Arthritis,This indicator shows the percentage ofÂ adults aged 18 and over who have been told by a healthÂ professional that they have arthritis.,Census Tract,48453001750,11.2,percent,10.7,11.7,No,2014,CDC - 500 Cities Project,Sub-county small area estimates use state and county data from the CDC's Behavioral Risk Factor Surveillance System (BRFSS) in tandem with demographic data for census tracts and cities. It is not appropriate to use this data for evaluation purposes.,,,,,,,,,
Adults with Arthritis,This indicator shows the percentage ofÂ adults aged 18 and over who have been told by a healthÂ professional that they have arthritis.,Census Tract,48453001751,22.8,percent,21.8,23.9,No,2014,CDC - 500 Cities Project,Sub-county small area estimates use state and county data from the CDC's Behavioral Risk Factor Surveillance System (BRFSS) in tandem with demographic data for census tracts and cities. It is not appropriate to use this data for evaluation purposes.,,,,,,,,,
Adults with Arthritis,This indicator shows the percentage ofÂ adults aged 18 and over who have been told by a healthÂ professional that they have arthritis.,Census Tract,48453001752,7.5,percent,7.1,7.9,No,2014,CDC - 500 Cities Project,Sub-county small area estimates use state and county data from the CDC's Behavioral Risk Factor Surveillance System (BRFSS) in tandem with demographic data for census tracts and cities. It is not appropriate to use this data for evaluation purposes.,,,,,,,,,
Adults with Arthritis,This indicator shows the percentage ofÂ adults aged 18 and over who have been told by a healthÂ professional that they have arthritis.,Census Tract,48453001753,7.2,percent,6.8,7.6,No,2014,CDC - 500 Cities Project,Sub-county small area estimates use state and county data from the CDC's Behavioral Risk Factor Surveillance System (BRFSS) in tandem with demographic data for census tracts and cities. It is not appropriate to use this data for evaluation purposes.,,,,,,,,,
Adults with Arthritis,This indicator shows the percentage ofÂ adults aged 18 and over who have been told by a healthÂ professional that they have arthritis.,Census Tract,48453001754,16.7,percent,16,17.5,No,2014,CDC - 500 Cities Project,Sub-county small area estimates use state and county data from the CDC's Behavioral Risk Factor Surveillance System (BRFSS) in tandem with demographic data for census tracts and cities. It is not appropriate to use this data for evaluation purposes.,,,,,,,,,
Adults with Arthritis,This indicator shows the percentage ofÂ adults aged 18 and over who have been told by a healthÂ professional that they have arthritis.,Census Tract,48453001755,15.3,percent,14.5,16.3,No,2014,CDC - 500 Cities Project,Sub-county small area estimates use state and county data from the CDC's Behavioral Risk Factor Surveillance System (BRFSS) in tandem with demographic data for census tracts and cities. It is not appropriate to use this data for evaluation purposes.,,,,,,,,,
Adults with Arthritis,This indicator shows the percentage ofÂ adults aged 18 and over who have been told by a healthÂ professional that they have arthritis.,Census Tract,48453001756,16,percent,15.3,16.7,No,2014,CDC - 500 Cities Project,Sub-county small area estimates use state and county data from the CDC's Behavioral Risk Factor Surveillance System (BRFSS) in tandem with demographic data for census tracts and cities. It is not appropriate to use this data for evaluation purposes.,,,,,,,,,
Adults with Arthritis,This indicator shows the percentage ofÂ adults aged 18 and over who have been told by a healthÂ professional that they have arthritis.,Census Tract,48453001757,18.4,percent,17.4,19.7,No,2014,CDC - 500 Cities Project,Sub-county small area estimates use state and county data from the CDC's Behavioral Risk Factor Surveillance System (BRFSS) in tandem with demographic data for census tracts and cities. It is not appropriate to use this data for evaluation purposes.,,,,,,,,,
Adults with Arthritis,This indicator shows the percentage ofÂ adults aged 18 and over who have been told by a healthÂ professional that they have arthritis.,Census Tract,48453001760,14.3,percent,13.6,15.1,No,2014,CDC - 500 Cities Project,Sub-county small area estimates use state and county data from the CDC's Behavioral Risk Factor Surveillance System (BRFSS) in tandem with demographic data for census tracts and cities. It is not appropriate to use this data for evaluation purposes.,,,,,,,,,
Adults with Arthritis,This indicator shows the percentage ofÂ adults aged 18 and over who have been told by a healthÂ professional that they have arthritis.,Census Tract,48453001761,14.8,percent,13.9,15.9,No,2014,CDC - 500 Cities Project,Sub-county small area estimates use state and county data from the CDC's Behavioral Risk Factor Surveillance System (BRFSS) in tandem with demographic data for census tracts and cities. It is not appropriate to use this data for evaluation purposes.,,,,,,,,,
Adults with Arthritis,This indicator shows the percentage ofÂ adults aged 18 and over who have been told by a healthÂ professional that they have arthritis.,Census Tract,48453001765,14.3,percent,13.5,15,No,2014,CDC - 500 Cities Project,Sub-county small area estimates use state and county data from the CDC's Behavioral Risk Factor Surveillance System (BRFSS) in tandem with demographic data for census tracts and cities. It is not appropriate to use this data for evaluation purposes.,,,,,,,,,
Adults with Arthritis,This indicator shows the percentage ofÂ adults aged 18 and over who have been told by a healthÂ professional that they have arthritis.,Census Tract,48453001769,16.1,percent,15.1,17.1,No,2014,CDC - 500 Cities Project,Sub-county small area estimates use state and county data from the CDC's Behavioral Risk Factor Surveillance System (BRFSS) in tandem with demographic data for census tracts and cities. It is not appropriate to use this data for evaluation purposes.,,,,,,,,,
Adults with Arthritis,This indicator shows the percentage ofÂ adults aged 18 and over who have been told by a healthÂ professional that they have arthritis.,Census Tract,48453001770,13.7,percent,12.9,14.6,No,2014,CDC - 500 Cities Project,Sub-county small area estimates use state and county data from the CDC's Behavioral Risk Factor Surveillance System (BRFSS) in tandem with demographic data for census tracts and cities. It is not appropriate to use this data for evaluation purposes.,,,,,,,,,
Adults with Arthritis,This indicator shows the percentage ofÂ adults aged 18 and over who have been told by a healthÂ professional that they have arthritis.,Census Tract,48453001772,10.7,percent,10.1,11.3,No,2014,CDC - 500 Cities Project,Sub-county small area estimates use state and county data from the CDC's Behavioral Risk Factor Surveillance System (BRFSS) in tandem with demographic data for census tracts and cities. It is not appropriate to use this data for evaluation purposes.,,,,,,,,,
Adults with Arthritis,This indicator shows the percentage ofÂ adults aged 18 and over who have been told by a healthÂ professional that they have arthritis.,Census Tract,48453001774,12.1,percent,11.5,12.8,No,2014,CDC - 500 Cities Project,Sub-county small area estimates use state and county data from the CDC's Behavioral Risk Factor Surveillance System (BRFSS) in tandem with demographic data for census tracts and cities. It is not appropriate to use this data for evaluation purposes.,,,,,,,,,
Adults with Arthritis,This indicator shows the percentage ofÂ adults aged 18 and over who have been told by a healthÂ professional that they have arthritis.,Census Tract,48453001775,10.4,percent,9.8,11.1,No,2014,CDC - 500 Cities Project,Sub-county small area estimates use state and county data from the CDC's Behavioral Risk Factor Surveillance System (BRFSS) in tandem with demographic data for census tracts and cities. It is not appropriate to use this data for evaluation purposes.,,,,,,,,,
Adults with Arthritis,This indicator shows the percentage ofÂ adults aged 18 and over who have been told by a healthÂ professional that they have arthritis.,Census Tract,48453001776,14.9,percent,14.2,15.7,No,2014,CDC - 500 Cities Project,Sub-county small area estimates use state and county data from the CDC's Behavioral Risk Factor Surveillance System (BRFSS) in tandem with demographic data for census tracts and cities. It is not appropriate to use this data for evaluation purposes.,,,,,,,,,
Adults with Arthritis,This indicator shows the percentage ofÂ adults aged 18 and over who have been told by a healthÂ professional that they have arthritis.,Census Tract,48453001777,13.1,percent,12.5,13.9,No,2014,CDC - 500 Cities Project,Sub-county small area estimates use state and county data from the CDC's Behavioral Risk Factor Surveillance System (BRFSS) in tandem with demographic data for census tracts and cities. It is not appropriate to use this data for evaluation purposes.,,,,,,,,,
Adults with Arthritis,This indicator shows the percentage ofÂ adults aged 18 and over who have been told by a healthÂ professional that they have arthritis.,Census Tract,48453001781,20.5,percent,19.3,21.7,No,2014,CDC - 500 Cities Project,Sub-county small area estimates use state and county data from the CDC's Behavioral Risk Factor Surveillance System (BRFSS) in tandem with demographic data for census tracts and cities. It is not appropriate to use this data for evaluation purposes.,,,,,,,,,
Adults with Arthritis,This indicator shows the percentage ofÂ adults aged 18 and over who have been told by a healthÂ professional that they have arthritis.,Census Tract,48453001782,17.6,percent,16.6,18.8,No,2014,CDC - 500 Cities Project,Sub-county small area estimates use state and county data from the CDC's Behavioral Risk Factor Surveillance System (BRFSS) in tandem with demographic data for census tracts and cities. It is not appropriate to use this data for evaluation purposes.,,,,,,,,,
Adults with Arthritis,This indicator shows the percentage ofÂ adults aged 18 and over who have been told by a healthÂ professional that they have arthritis.,Census Tract,48453001783,21,percent,19.5,22.6,No,2014,CDC - 500 Cities Project,Sub-county small area estimates use state and county data from the CDC's Behavioral Risk Factor Surveillance System (BRFSS) in tandem with demographic data for census tracts and cities. It is not appropriate to use this data for evaluation purposes.,,,,,,,,,
Adults with Arthritis,This indicator shows the percentage ofÂ adults aged 18 and over who have been told by a healthÂ professional that they have arthritis.,Census Tract,48453001784,9.2,percent,8.5,9.9,No,2014,CDC - 500 Cities Project,Sub-county small area estimates use state and county data from the CDC's Behavioral Risk Factor Surveillance System (BRFSS) in tandem with demographic data for census tracts and cities. It is not appropriate to use this data for evaluation purposes.,,,,,,,,,
Adults with Arthritis,This indicator shows the percentage ofÂ adults aged 18 and over who have been told by a healthÂ professional that they have arthritis.,Census Tract,48453001785,8.9,percent,8.6,9.3,No,2014,CDC - 500 Cities Project,Sub-county small area estimates use state and county data from the CDC's Behavioral Risk Factor Surveillance System (BRFSS) in tandem with demographic data for census tracts and cities. It is not appropriate to use this data for evaluation purposes.,,,,,,,,,
Adults with Arthritis,This indicator shows the percentage ofÂ adults aged 18 and over who have been told by a healthÂ professional that they have arthritis.,Census Tract,48453001786,9.5,percent,9,10.1,No,2014,CDC - 500 Cities Project,Sub-county small area estimates use state and county data from the CDC's Behavioral Risk Factor Surveillance System (BRFSS) in tandem with demographic data for census tracts and cities. It is not appropriate to use this data for evaluation purposes.,,,,,,,,,
Adults with Arthritis,This indicator shows the percentage ofÂ adults aged 18 and over who have been told by a healthÂ professional that they have arthritis.,Census Tract,48453001804,13.9,percent,13.4,14.3,No,2014,CDC - 500 Cities Project,Sub-county small area estimates use state and county data from the CDC's Behavioral Risk Factor Surveillance System (BRFSS) in tandem with demographic data for census tracts and cities. It is not appropriate to use this data for evaluation purposes.,,,,,,,,,
Adults with Arthritis,This indicator shows the percentage ofÂ adults aged 18 and over who have been told by a healthÂ professional that they have arthritis.,Census Tract,48453001805,15.2,percent,14.8,15.6,No,2014,CDC - 500 Cities Project,Sub-county small area estimates use state and county data from the CDC's Behavioral Risk Factor Surveillance System (BRFSS) in tandem with demographic data for census tracts and cities. It is not appropriate to use this data for evaluation purposes.,,,,,,,,,
Adults with Arthritis,This indicator shows the percentage ofÂ adults aged 18 and over who have been told by a healthÂ professional that they have arthritis.,Census Tract,48453001806,14.7,percent,14,15.3,No,2014,CDC - 500 Cities Project,Sub-county small area estimates use state and county data from the CDC's Behavioral Risk Factor Surveillance System (BRFSS) in tandem with demographic data for census tracts and cities. It is not appropriate to use this data for evaluation purposes.,,,,,,,,,
Adults with Arthritis,This indicator shows the percentage ofÂ adults aged 18 and over who have been told by a healthÂ professional that they have arthritis.,Census Tract,48453001811,17.1,percent,16.4,17.8,No,2014,CDC - 500 Cities Project,Sub-county small area estimates use state and county data from the CDC's Behavioral Risk Factor Surveillance System (BRFSS) in tandem with demographic data for census tracts and cities. It is not appropriate to use this data for evaluation purposes.,,,,,,,,,
Adults with Arthritis,This indicator shows the percentage ofÂ adults aged 18 and over who have been told by a healthÂ professional that they have arthritis.,Census Tract,48453001812,14,percent,13.3,14.6,No,2014,CDC - 500 Cities Project,Sub-county small area estimates use state and county data from the CDC's Behavioral Risk Factor Surveillance System (BRFSS) in tandem with demographic data for census tracts and cities. It is not appropriate to use this data for evaluation purposes.,,,,,,,,,
Adults with Arthritis,This indicator shows the percentage ofÂ adults aged 18 and over who have been told by a healthÂ professional that they have arthritis.,Census Tract,48453001813,15.5,percent,14.8,16.1,No,2014,CDC - 500 Cities Project,Sub-county small area estimates use state and county data from the CDC's Behavioral Risk Factor Surveillance System (BRFSS) in tandem with demographic data for census tracts and cities. It is not appropriate to use this data for evaluation purposes.,,,,,,,,,
Adults with Arthritis,This indicator shows the percentage ofÂ adults aged 18 and over who have been told by a healthÂ professional that they have arthritis.,Census Tract,48453001817,17.1,percent,16.1,18.1,No,2014,CDC - 500 Cities Project,Sub-county small area estimates use state and county data from the CDC's Behavioral Risk Factor Surveillance System (BRFSS) in tandem with demographic data for census tracts and cities. It is not appropriate to use this data for evaluation purposes.,,,,,,,,,
Adults with Arthritis,This indicator shows the percentage ofÂ adults aged 18 and over who have been told by a healthÂ professional that they have arthritis.,Census Tract,48453001818,16.4,percent,15.5,17.3,No,2014,CDC - 500 Cities Project,Sub-county small area estimates use state and county data from the CDC's Behavioral Risk Factor Surveillance System (BRFSS) in tandem with demographic data for census tracts and cities. It is not appropriate to use this data for evaluation purposes.,,,,,,,,,
Adults with Arthritis,This indicator shows the percentage ofÂ adults aged 18 and over who have been told by a healthÂ professional that they have arthritis.,Census Tract,48453001819,14.9,percent,14.5,15.3,No,2014,CDC - 500 Cities Project,Sub-county small area estimates use state and county data from the CDC's Behavioral Risk Factor Surveillance System (BRFSS) in tandem with demographic data for census tracts and cities. It is not appropriate to use this data for evaluation purposes.,,,,,,,,,
Adults with Arthritis,This indicator shows the percentage ofÂ adults aged 18 and over who have been told by a healthÂ professional that they have arthritis.,Census Tract,48453001820,13.5,percent,12.9,14.2,No,2014,CDC - 500 Cities Project,Sub-county small area estimates use state and county data from the CDC's Behavioral Risk Factor Surveillance System (BRFSS) in tandem with demographic data for census tracts and cities. It is not appropriate to use this data for evaluation purposes.,,,,,,,,,
Adults with Arthritis,This indicator shows the percentage ofÂ adults aged 18 and over who have been told by a healthÂ professional that they have arthritis.,Census Tract,48453001821,16.3,percent,15.6,16.9,No,2014,CDC - 500 Cities Project,Sub-county small area estimates use state and county data from the CDC's Behavioral Risk Factor Surveillance System (BRFSS) in tandem with demographic data for census tracts and cities. It is not appropriate to use this data for evaluation purposes.,,,,,,,,,
Adults with Arthritis,This indicator shows the percentage ofÂ adults aged 18 and over who have been told by a healthÂ professional that they have arthritis.,Census Tract,48453001822,14.6,percent,14.2,15.1,No,2014,CDC - 500 Cities Project,Sub-county small area estimates use state and county data from the CDC's Behavioral Risk Factor Surveillance System (BRFSS) in tandem with demographic data for census tracts and cities. It is not appropriate to use this data for evaluation purposes.,,,,,,,,,
Adults with Arthritis,This indicator shows the percentage ofÂ adults aged 18 and over who have been told by a healthÂ professional that they have arthritis.,Census Tract,48453001823,14.2,percent,13.7,14.8,No,2014,CDC - 500 Cities Project,Sub-county small area estimates use state and county data from the CDC's Behavioral Risk Factor Surveillance System (BRFSS) in tandem with demographic data for census tracts and cities. It is not appropriate to use this data for evaluation purposes.,,,,,,,,,
Adults with Arthritis,This indicator shows the percentage ofÂ adults aged 18 and over who have been told by a healthÂ professional that they have arthritis.,Census Tract,48453001824,17.7,percent,16.8,18.7,No,2014,CDC - 500 Cities Project,Sub-county small area estimates use state and county data from the CDC's Behavioral Risk Factor Surveillance System (BRFSS) in tandem with demographic data for census tracts and cities. It is not appropriate to use this data for evaluation purposes.,,,,,,,,,
Adults with Arthritis,This indicator shows the percentage ofÂ adults aged 18 and over who have been told by a healthÂ professional that they have arthritis.,Census Tract,48453001826,15.2,percent,14.5,15.9,No,2014,CDC - 500 Cities Project,Sub-county small area estimates use state and county data from the CDC's Behavioral Risk Factor Surveillance System (BRFSS) in tandem with demographic data for census tracts and cities. It is not appropriate to use this data for evaluation purposes.,,,,,,,,,
Adults with Arthritis,This indicator shows the percentage ofÂ adults aged 18 and over who have been told by a healthÂ professional that they have arthritis.,Census Tract,48453001828,14.8,percent,13.9,15.9,No,2014,CDC - 500 Cities Project,Sub-county small area estimates use state and county data from the CDC's Behavioral Risk Factor Surveillance System (BRFSS) in tandem with demographic data for census tracts and cities. It is not appropriate to use this data for evaluation purposes.,,,,,,,,,
Adults with Arthritis,This indicator shows the percentage ofÂ adults aged 18 and over who have been told by a healthÂ professional that they have arthritis.,Census Tract,48453001829,10.9,percent,10.4,11.4,No,2014,CDC - 500 Cities Project,Sub-county small area estimates use state and county data from the CDC's Behavioral Risk Factor Surveillance System (BRFSS) in tandem with demographic data for census tracts and cities. It is not appropriate to use this data for evaluation purposes.,,,,,,,,,
Adults with Arthritis,This indicator shows the percentage ofÂ adults aged 18 and over who have been told by a healthÂ professional that they have arthritis.,Census Tract,48453001832,21.1,percent,20.1,22,No,2014,CDC - 500 Cities Project,Sub-county small area estimates use state and county data from the CDC's Behavioral Risk Factor Surveillance System (BRFSS) in tandem with demographic data for census tracts and cities. It is not appropriate to use this data for evaluation purposes.,,,,,,,,,
Adults with Arthritis,This indicator shows the percentage ofÂ adults aged 18 and over who have been told by a healthÂ professional that they have arthritis.,Census Tract,48453001833,19.9,percent,19.1,20.7,No,2014,CDC - 500 Cities Project,Sub-county small area estimates use state and county data from the CDC's Behavioral Risk Factor Surveillance System (BRFSS) in tandem with demographic data for census tracts and cities. It is not appropriate to use this data for evaluation purposes.,,,,,,,,,
Adults with Arthritis,This indicator shows the percentage ofÂ adults aged 18 and over who have been told by a healthÂ professional that they have arthritis.,Census Tract,48453001834,10.4,percent,10,10.8,No,2014,CDC - 500 Cities Project,Sub-county small area estimates use state and county data from the CDC's Behavioral Risk Factor Surveillance System (BRFSS) in tandem with demographic data for census tracts and cities. It is not appropriate to use this data for evaluation purposes.,,,,,,,,,
Adults with Arthritis,This indicator shows the percentage ofÂ adults aged 18 and over who have been told by a healthÂ professional that they have arthritis.,Census Tract,48453001835,15.1,percent,14.6,15.6,No,2014,CDC - 500 Cities Project,Sub-county small area estimates use state and county data from the CDC's Behavioral Risk Factor Surveillance System (BRFSS) in tandem with demographic data for census tracts and cities. It is not appropriate to use this data for evaluation purposes.,,,,,,,,,
Adults with Arthritis,This indicator shows the percentage ofÂ adults aged 18 and over who have been told by a healthÂ professional that they have arthritis.,Census Tract,48453001839,11.3,percent,10.8,11.8,No,2014,CDC - 500 Cities Project,Sub-county small area estimates use state and county data from the CDC's Behavioral Risk Factor Surveillance System (BRFSS) in tandem with demographic data for census tracts and cities. It is not appropriate to use this data for evaluation purposes.,,,,,,,,,
Adults with Arthritis,This indicator shows the percentage ofÂ adults aged 18 and over who have been told by a healthÂ professional that they have arthritis.,Census Tract,48453001840,10.2,percent,9.7,10.7,No,2014,CDC - 500 Cities Project,Sub-county small area estimates use state and county data from the CDC's Behavioral Risk Factor Surveillance System (BRFSS) in tandem with demographic data for census tracts and cities. It is not appropriate to use this data for evaluation purposes.,,,,,,,,,
Adults with Arthritis,This indicator shows the percentage ofÂ adults aged 18 and over who have been told by a healthÂ professional that they have arthritis.,Census Tract,48453001842,11.8,percent,11.4,12.2,No,2014,CDC - 500 Cities Project,Sub-county small area estimates use state and county data from the CDC's Behavioral Risk Factor Surveillance System (BRFSS) in tandem with demographic data for census tracts and cities. It is not appropriate to use this data for evaluation purposes.,,,,,,,,,
Adults with Arthritis,This indicator shows the percentage ofÂ adults aged 18 and over who have been told by a healthÂ professional that they have arthritis.,Census Tract,48453001843,17,percent,16,17.9,No,2014,CDC - 500 Cities Project,Sub-county small area estimates use state and county data from the CDC's Behavioral Risk Factor Surveillance System (BRFSS) in tandem with demographic data for census tracts and cities. It is not appropriate to use this data for evaluation purposes.,,,,,,,,,
Adults with Arthritis,This indicator shows the percentage ofÂ adults aged 18 and over who have been told by a healthÂ professional that they have arthritis.,Census Tract,48453001844,14.6,percent,14,15.2,No,2014,CDC - 500 Cities Project,Sub-county small area estimates use state and county data from the CDC's Behavioral Risk Factor Surveillance System (BRFSS) in tandem with demographic data for census tracts and cities. It is not appropriate to use this data for evaluation purposes.,,,,,,,,,
Adults with Arthritis,This indicator shows the percentage ofÂ adults aged 18 and over who have been told by a healthÂ professional that they have arthritis.,Census Tract,48453001845,16,percent,15,17,No,2014,CDC - 500 Cities Project,Sub-county small area estimates use state and county data from the CDC's Behavioral Risk Factor Surveillance System (BRFSS) in tandem with demographic data for census tracts and cities. It is not appropriate to use this data for evaluation purposes.,,,,,,,,,
Adults with Arthritis,This indicator shows the percentage ofÂ adults aged 18 and over who have been told by a healthÂ professional that they have arthritis.,Census Tract,48453001846,18.6,percent,17.4,19.7,No,2014,CDC - 500 Cities Project,Sub-county small area estimates use state and county data from the CDC's Behavioral Risk Factor Surveillance System (BRFSS) in tandem with demographic data for census tracts and cities. It is not appropriate to use this data for evaluation purposes.,,,,,,,,,
Adults with Arthritis,This indicator shows the percentage ofÂ adults aged 18 and over who have been told by a healthÂ professional that they have arthritis.,Census Tract,48453001847,13.2,percent,12.6,13.8,No,2014,CDC - 500 Cities Project,Sub-county small area estimates use state and county data from the CDC's Behavioral Risk Factor Surveillance System (BRFSS) in tandem with demographic data for census tracts and cities. It is not appropriate to use this data for evaluation purposes.,,,,,,,,,
Adults with Arthritis,This indicator shows the percentage ofÂ adults aged 18 and over who have been told by a healthÂ professional that they have arthritis.,Census Tract,48453001848,13.9,percent,13.3,14.6,No,2014,CDC - 500 Cities Project,Sub-county small area estimates use state and county data from the CDC's Behavioral Risk Factor Surveillance System (BRFSS) in tandem with demographic data for census tracts and cities. It is not appropriate to use this data for evaluation purposes.,,,,,,,,,
Adults with Arthritis,This indicator shows the percentage ofÂ adults aged 18 and over who have been told by a healthÂ professional that they have arthritis.,Census Tract,48453001849,7.3,percent,7,7.6,No,2014,CDC - 500 Cities Project,Sub-county small area estimates use state and county data from the CDC's Behavioral Risk Factor Surveillance System (BRFSS) in tandem with demographic data for census tracts and cities. It is not appropriate to use this data for evaluation purposes.,,,,,,,,,
Adults with Arthritis,This indicator shows the percentage ofÂ adults aged 18 and over who have been told by a healthÂ professional that they have arthritis.,Census Tract,48453001850,9.3,percent,8.9,9.7,No,2014,CDC - 500 Cities Project,Sub-county small area estimates use state and county data from the CDC's Behavioral Risk Factor Surveillance System (BRFSS) in tandem with demographic data for census tracts and cities. It is not appropriate to use this data for evaluation purposes.,,,,,,,,,
Adults with Arthritis,This indicator shows the percentage ofÂ adults aged 18 and over who have been told by a healthÂ professional that they have arthritis.,Census Tract,48453001851,9,percent,8.5,9.5,No,2014,CDC - 500 Cities Project,Sub-county small area estimates use state and county data from the CDC's Behavioral Risk Factor Surveillance System (BRFSS) in tandem with demographic data for census tracts and cities. It is not appropriate to use this data for evaluation purposes.,,,,,,,,,
Adults with Arthritis,This indicator shows the percentage ofÂ adults aged 18 and over who have been told by a healthÂ professional that they have arthritis.,Census Tract,48453001855,12.6,percent,11.9,13.3,No,2014,CDC - 500 Cities Project,Sub-county small area estimates use state and county data from the CDC's Behavioral Risk Factor Surveillance System (BRFSS) in tandem with demographic data for census tracts and cities. It is not appropriate to use this data for evaluation purposes.,,,,,,,,,
Adults with Arthritis,This indicator shows the percentage ofÂ adults aged 18 and over who have been told by a healthÂ professional that they have arthritis.,Census Tract,48453001856,15.4,percent,14.8,16,No,2014,CDC - 500 Cities Project,Sub-county small area estimates use state and county data from the CDC's Behavioral Risk Factor Surveillance System (BRFSS) in tandem with demographic data for census tracts and cities. It is not appropriate to use this data for evaluation purposes.,,,,,,,,,
Adults with Arthritis,This indicator shows the percentage ofÂ adults aged 18 and over who have been told by a healthÂ professional that they have arthritis.,Census Tract,48453001901,13.4,percent,12.8,14.2,No,2014,CDC - 500 Cities Project,Sub-county small area estimates use state and county data from the CDC's Behavioral Risk Factor Surveillance System (BRFSS) in tandem with demographic data for census tracts and cities. It is not appropriate to use this data for evaluation purposes.,,,,,,,,,
Adults with Arthritis,This indicator shows the percentage ofÂ adults aged 18 and over who have been told by a healthÂ professional that they have arthritis.,Census Tract,48453001908,11.3,percent,10.7,12.1,No,2014,CDC - 500 Cities Project,Sub-county small area estimates use state and county data from the CDC's Behavioral Risk Factor Surveillance System (BRFSS) in tandem with demographic data for census tracts and cities. It is not appropriate to use this data for evaluation purposes.,,,,,,,,,
Adults with Arthritis,This indicator shows the percentage ofÂ adults aged 18 and over who have been told by a healthÂ professional that they have arthritis.,Census Tract,48453001910,18.2,percent,17,19.5,No,2014,CDC - 500 Cities Project,Sub-county small area estimates use state and county data from the CDC's Behavioral Risk Factor Surveillance System (BRFSS) in tandem with demographic data for census tracts and cities. It is not appropriate to use this data for evaluation purposes.,,,,,,,,,
Adults with Arthritis,This indicator shows the percentage ofÂ adults aged 18 and over who have been told by a healthÂ professional that they have arthritis.,Census Tract,48453001911,7.9,percent,7.4,8.4,No,2014,CDC - 500 Cities Project,Sub-county small area estimates use state and county data from the CDC's Behavioral Risk Factor Surveillance System (BRFSS) in tandem with demographic data for census tracts and cities. It is not appropriate to use this data for evaluation purposes.,,,,,,,,,
Adults with Arthritis,This indicator shows the percentage ofÂ adults aged 18 and over who have been told by a healthÂ professional that they have arthritis.,Census Tract,48453001912,16.9,percent,16.1,17.7,No,2014,CDC - 500 Cities Project,Sub-county small area estimates use state and county data from the CDC's Behavioral Risk Factor Surveillance System (BRFSS) in tandem with demographic data for census tracts and cities. It is not appropriate to use this data for evaluation purposes.,,,,,,,,,
Adults with Arthritis,This indicator shows the percentage ofÂ adults aged 18 and over who have been told by a healthÂ professional that they have arthritis.,Census Tract,48453001913,16.6,percent,15.7,17.8,No,2014,CDC - 500 Cities Project,Sub-county small area estimates use state and county data from the CDC's Behavioral Risk Factor Surveillance System (BRFSS) in tandem with demographic data for census tracts and cities. It is not appropriate to use this data for evaluation purposes.,,,,,,,,,
Adults with Arthritis,This indicator shows the percentage ofÂ adults aged 18 and over who have been told by a healthÂ professional that they have arthritis.,Census Tract,48453001914,15.6,percent,14.6,16.6,No,2014,CDC - 500 Cities Project,Sub-county small area estimates use state and county data from the CDC's Behavioral Risk Factor Surveillance System (BRFSS) in tandem with demographic data for census tracts and cities. It is not appropriate to use this data for evaluation purposes.,,,,,,,,,
Adults with Arthritis,This indicator shows the percentage ofÂ adults aged 18 and over who have been told by a healthÂ professional that they have arthritis.,Census Tract,48453001915,20.1,percent,18.8,21.5,No,2014,CDC - 500 Cities Project,Sub-county small area estimates use state and county data from the CDC's Behavioral Risk Factor Surveillance System (BRFSS) in tandem with demographic data for census tracts and cities. It is not appropriate to use this data for evaluation purposes.,,,,,,,,,
Adults with Arthritis,This indicator shows the percentage ofÂ adults aged 18 and over who have been told by a healthÂ professional that they have arthritis.,Census Tract,48453001917,14.9,percent,14.3,15.8,No,2014,CDC - 500 Cities Project,Sub-county small area estimates use state and county data from the CDC's Behavioral Risk Factor Surveillance System (BRFSS) in tandem with demographic data for census tracts and cities. It is not appropriate to use this data for evaluation purposes.,,,,,,,,,
Adults with Arthritis,This indicator shows the percentage ofÂ adults aged 18 and over who have been told by a healthÂ professional that they have arthritis.,Census Tract,48453001919,18,percent,16.8,19.5,No,2014,CDC - 500 Cities Project,Sub-county small area estimates use state and county data from the CDC's Behavioral Risk Factor Surveillance System (BRFSS) in tandem with demographic data for census tracts and cities. It is not appropriate to use this data for evaluation purposes.,,,,,,,,,
Adults with Arthritis,This indicator shows the percentage ofÂ adults aged 18 and over who have been told by a healthÂ professional that they have arthritis.,Census Tract,48453002002,16.4,percent,15.4,17.3,No,2014,CDC - 500 Cities Project,Sub-county small area estimates use state and county data from the CDC's Behavioral Risk Factor Surveillance System (BRFSS) in tandem with demographic data for census tracts and cities. It is not appropriate to use this data for evaluation purposes.,,,,,,,,,
Adults with Arthritis,This indicator shows the percentage ofÂ adults aged 18 and over who have been told by a healthÂ professional that they have arthritis.,Census Tract,48453002003,15.6,percent,15,16.2,No,2014,CDC - 500 Cities Project,Sub-county small area estimates use state and county data from the CDC's Behavioral Risk Factor Surveillance System (BRFSS) in tandem with demographic data for census tracts and cities. It is not appropriate to use this data for evaluation purposes.,,,,,,,,,
Adults with Arthritis,This indicator shows the percentage ofÂ adults aged 18 and over who have been told by a healthÂ professional that they have arthritis.,Census Tract,48453002004,10.9,percent,10.3,11.4,No,2014,CDC - 500 Cities Project,Sub-county small area estimates use state and county data from the CDC's Behavioral Risk Factor Surveillance System (BRFSS) in tandem with demographic data for census tracts and cities. It is not appropriate to use this data for evaluation purposes.,,,,,,,,,
Adults with Arthritis,This indicator shows the percentage ofÂ adults aged 18 and over who have been told by a healthÂ professional that they have arthritis.,Census Tract,48453002005,13.1,percent,12.4,13.8,No,2014,CDC - 500 Cities Project,Sub-county small area estimates use state and county data from the CDC's Behavioral Risk Factor Surveillance System (BRFSS) in tandem with demographic data for census tracts and cities. It is not appropriate to use this data for evaluation purposes.,,,,,,,,,
Adults with Arthritis,This indicator shows the percentage ofÂ adults aged 18 and over who have been told by a healthÂ professional that they have arthritis.,Census Tract,48453002104,17,percent,16.1,17.8,No,2014,CDC - 500 Cities Project,Sub-county small area estimates use state and county data from the CDC's Behavioral Risk Factor Surveillance System (BRFSS) in tandem with demographic data for census tracts and cities. It is not appropriate to use this data for evaluation purposes.,,,,,,,,,
Adults with Arthritis,This indicator shows the percentage ofÂ adults aged 18 and over who have been told by a healthÂ professional that they have arthritis.,Census Tract,48453002105,14.4,percent,13.9,14.8,No,2014,CDC - 500 Cities Project,Sub-county small area estimates use state and county data from the CDC's Behavioral Risk Factor Surveillance System (BRFSS) in tandem with demographic data for census tracts and cities. It is not appropriate to use this data for evaluation purposes.,,,,,,,,,
Adults with Arthritis,This indicator shows the percentage ofÂ adults aged 18 and over who have been told by a healthÂ professional that they have arthritis.,Census Tract,48453002106,19,percent,18.1,19.9,No,2014,CDC - 500 Cities Project,Sub-county small area estimates use state and county data from the CDC's Behavioral Risk Factor Surveillance System (BRFSS) in tandem with demographic data for census tracts and cities. It is not appropriate to use this data for evaluation purposes.,,,,,,,,,
Adults with Arthritis,This indicator shows the percentage ofÂ adults aged 18 and over who have been told by a healthÂ professional that they have arthritis.,Census Tract,48453002107,20.8,percent,19.9,21.6,No,2014,CDC - 500 Cities Project,Sub-county small area estimates use state and county data from the CDC's Behavioral Risk Factor Surveillance System (BRFSS) in tandem with demographic data for census tracts and cities. It is not appropriate to use this data for evaluation purposes.,,,,,,,,,
Adults with Arthritis,This indicator shows the percentage ofÂ adults aged 18 and over who have been told by a healthÂ professional that they have arthritis.,Census Tract,48453002108,19.9,percent,18.9,20.8,No,2014,CDC - 500 Cities Project,Sub-county small area estimates use state and county data from the CDC's Behavioral Risk Factor Surveillance System (BRFSS) in tandem with demographic data for census tracts and cities. It is not appropriate to use this data for evaluation purposes.,,,,,,,,,
Adults with Arthritis,This indicator shows the percentage ofÂ adults aged 18 and over who have been told by a healthÂ professional that they have arthritis.,Census Tract,48453002109,23.9,percent,22.8,25,No,2014,CDC - 500 Cities Project,Sub-county small area estimates use state and county data from the CDC's Behavioral Risk Factor Surveillance System (BRFSS) in tandem with demographic data for census tracts and cities. It is not appropriate to use this data for evaluation purposes.,,,,,,,,,
Adults with Arthritis,This indicator shows the percentage ofÂ adults aged 18 and over who have been told by a healthÂ professional that they have arthritis.,Census Tract,48453002110,18.9,percent,18.3,19.4,No,2014,CDC - 500 Cities Project,Sub-county small area estimates use state and county data from the CDC's Behavioral Risk Factor Surveillance System (BRFSS) in tandem with demographic data for census tracts and cities. It is not appropriate to use this data for evaluation purposes.,,,,,,,,,
Adults with Arthritis,This indicator shows the percentage ofÂ adults aged 18 and over who have been told by a healthÂ professional that they have arthritis.,Census Tract,48453002111,17.6,percent,16.9,18.2,No,2014,CDC - 500 Cities Project,Sub-county small area estimates use state and county data from the CDC's Behavioral Risk Factor Surveillance System (BRFSS) in tandem with demographic data for census tracts and cities. It is not appropriate to use this data for evaluation purposes.,,,,,,,,,
Adults with Arthritis,This indicator shows the percentage ofÂ adults aged 18 and over who have been told by a healthÂ professional that they have arthritis.,Census Tract,48453002112,17.3,percent,16.8,17.9,No,2014,CDC - 500 Cities Project,Sub-county small area estimates use state and county data from the CDC's Behavioral Risk Factor Surveillance System (BRFSS) in tandem with demographic data for census tracts and cities. It is not appropriate to use this data for evaluation purposes.,,,,,,,,,
Adults with Arthritis,This indicator shows the percentage ofÂ adults aged 18 and over who have been told by a healthÂ professional that they have arthritis.,Census Tract,48453002113,18.9,percent,18.1,19.8,No,2014,CDC - 500 Cities Project,Sub-county small area estimates use state and county data from the CDC's Behavioral Risk Factor Surveillance System (BRFSS) in tandem with demographic data for census tracts and cities. It is not appropriate to use this data for evaluation purposes.,,,,,,,,,
Adults with Arthritis,This indicator shows the percentage ofÂ adults aged 18 and over who have been told by a healthÂ professional that they have arthritis.,Census Tract,48453002201,21.5,percent,20.9,22,No,2014,CDC - 500 Cities Project,Sub-county small area estimates use state and county data from the CDC's Behavioral Risk Factor Surveillance System (BRFSS) in tandem with demographic data for census tracts and cities. It is not appropriate to use this data for evaluation purposes.,,,,,,,,,
Adults with Arthritis,This indicator shows the percentage ofÂ adults aged 18 and over who have been told by a healthÂ professional that they have arthritis.,Census Tract,48453002202,17.1,percent,16.3,17.8,No,2014,CDC - 500 Cities Project,Sub-county small area estimates use state and county data from the CDC's Behavioral Risk Factor Surveillance System (BRFSS) in tandem with demographic data for census tracts and cities. It is not appropriate to use this data for evaluation purposes.,,,,,,,,,
Adults with Arthritis,This indicator shows the percentage ofÂ adults aged 18 and over who have been told by a healthÂ professional that they have arthritis.,Census Tract,48453002208,15.8,percent,15.3,16.3,No,2014,CDC - 500 Cities Project,Sub-county small area estimates use state and county data from the CDC's Behavioral Risk Factor Surveillance System (BRFSS) in tandem with demographic data for census tracts and cities. It is not appropriate to use this data for evaluation purposes.,,,,,,,,,
Adults with Arthritis,This indicator shows the percentage ofÂ adults aged 18 and over who have been told by a healthÂ professional that they have arthritis.,Census Tract,48453002211,12.9,percent,12.3,13.6,No,2014,CDC - 500 Cities Project,Sub-county small area estimates use state and county data from the CDC's Behavioral Risk Factor Surveillance System (BRFSS) in tandem with demographic data for census tracts and cities. It is not appropriate to use this data for evaluation purposes.,,,,,,,,,
Adults with Arthritis,This indicator shows the percentage ofÂ adults aged 18 and over who have been told by a healthÂ professional that they have arthritis.,Census Tract,48453002212,16.1,percent,15.4,16.7,No,2014,CDC - 500 Cities Project,Sub-county small area estimates use state and county data from the CDC's Behavioral Risk Factor Surveillance System (BRFSS) in tandem with demographic data for census tracts and cities. It is not appropriate to use this data for evaluation purposes.,,,,,,,,,
Adults with Arthritis,This indicator shows the percentage ofÂ adults aged 18 and over who have been told by a healthÂ professional that they have arthritis.,Census Tract,48453002304,11.8,percent,11,12.5,No,2014,CDC - 500 Cities Project,Sub-county small area estimates use state and county data from the CDC's Behavioral Risk Factor Surveillance System (BRFSS) in tandem with demographic data for census tracts and cities. It is not appropriate to use this data for evaluation purposes.,,,,,,,,,
Adults with Arthritis,This indicator shows the percentage ofÂ adults aged 18 and over who have been told by a healthÂ professional that they have arthritis.,Census Tract,48453002307,13.2,percent,12.7,13.7,No,2014,CDC - 500 Cities Project,Sub-county small area estimates use state and county data from the CDC's Behavioral Risk Factor Surveillance System (BRFSS) in tandem with demographic data for census tracts and cities. It is not appropriate to use this data for evaluation purposes.,,,,,,,,,
Adults with Arthritis,This indicator shows the percentage ofÂ adults aged 18 and over who have been told by a healthÂ professional that they have arthritis.,Census Tract,48453002308,9.7,percent,9.3,10,No,2014,CDC - 500 Cities Project,Sub-county small area estimates use state and county data from the CDC's Behavioral Risk Factor Surveillance System (BRFSS) in tandem with demographic data for census tracts and cities. It is not appropriate to use this data for evaluation purposes.,,,,,,,,,
Adults with Arthritis,This indicator shows the percentage ofÂ adults aged 18 and over who have been told by a healthÂ professional that they have arthritis.,Census Tract,48453002310,17.6,percent,17,18.2,No,2014,CDC - 500 Cities Project,Sub-county small area estimates use state and county data from the CDC's Behavioral Risk Factor Surveillance System (BRFSS) in tandem with demographic data for census tracts and cities. It is not appropriate to use this data for evaluation purposes.,,,,,,,,,
Adults with Arthritis,This indicator shows the percentage ofÂ adults aged 18 and over who have been told by a healthÂ professional that they have arthritis.,Census Tract,48453002312,15,percent,14.2,15.7,No,2014,CDC - 500 Cities Project,Sub-county small area estimates use state and county data from the CDC's Behavioral Risk Factor Surveillance System (BRFSS) in tandem with demographic data for census tracts and cities. It is not appropriate to use this data for evaluation purposes.,,,,,,,,,
Adults with Arthritis,This indicator shows the percentage ofÂ adults aged 18 and over who have been told by a healthÂ professional that they have arthritis.,Census Tract,48453002313,10.8,percent,10.3,11.2,No,2014,CDC - 500 Cities Project,Sub-county small area estimates use state and county data from the CDC's Behavioral Risk Factor Surveillance System (BRFSS) in tandem with demographic data for census tracts and cities. It is not appropriate to use this data for evaluation purposes.,,,,,,,,,
Adults with Arthritis,This indicator shows the percentage ofÂ adults aged 18 and over who have been told by a healthÂ professional that they have arthritis.,Census Tract,48453002314,10.1,percent,9.6,10.6,No,2014,CDC - 500 Cities Project,Sub-county small area estimates use state and county data from the CDC's Behavioral Risk Factor Surveillance System (BRFSS) in tandem with demographic data for census tracts and cities. It is not appropriate to use this data for evaluation purposes.,,,,,,,,,
Adults with Arthritis,This indicator shows the percentage ofÂ adults aged 18 and over who have been told by a healthÂ professional that they have arthritis.,Census Tract,48453002315,11,percent,10.4,11.6,No,2014,CDC - 500 Cities Project,Sub-county small area estimates use state and county data from the CDC's Behavioral Risk Factor Surveillance System (BRFSS) in tandem with demographic data for census tracts and cities. It is not appropriate to use this data for evaluation purposes.,,,,,,,,,
Adults with Arthritis,This indicator shows the percentage ofÂ adults aged 18 and over who have been told by a healthÂ professional that they have arthritis.,Census Tract,48453002316,11.5,percent,11.1,12,No,2014,CDC - 500 Cities Project,Sub-county small area estimates use state and county data from the CDC's Behavioral Risk Factor Surveillance System (BRFSS) in tandem with demographic data for census tracts and cities. It is not appropriate to use this data for evaluation purposes.,,,,,,,,,
Adults with Arthritis,This indicator shows the percentage ofÂ adults aged 18 and over who have been told by a healthÂ professional that they have arthritis.,Census Tract,48453002317,5.8,percent,5.5,6.2,No,2014,CDC - 500 Cities Project,Sub-county small area estimates use state and county data from the CDC's Behavioral Risk Factor Surveillance System (BRFSS) in tandem with demographic data for census tracts and cities. It is not appropriate to use this data for evaluation purposes.,,,,,,,,,
Adults with Arthritis,This indicator shows the percentage ofÂ adults aged 18 and over who have been told by a healthÂ professional that they have arthritis.,Census Tract,48453002318,11.2,percent,10.7,11.7,No,2014,CDC - 500 Cities Project,Sub-county small area estimates use state and county data from the CDC's Behavioral Risk Factor Surveillance System (BRFSS) in tandem with demographic data for census tracts and cities. It is not appropriate to use this data for evaluation purposes.,,,,,,,,,
Adults with Arthritis,This indicator shows the percentage ofÂ adults aged 18 and over who have been told by a healthÂ professional that they have arthritis.,Census Tract,48453002319,20,percent,18.8,21.1,No,2014,CDC - 500 Cities Project,Sub-county small area estimates use state and county data from the CDC's Behavioral Risk Factor Surveillance System (BRFSS) in tandem with demographic data for census tracts and cities. It is not appropriate to use this data for evaluation purposes.,,,,,,,,,
Adults with Arthritis,This indicator shows the percentage ofÂ adults aged 18 and over who have been told by a healthÂ professional that they have arthritis.,Census Tract,48453002402,12.6,percent,11.9,13.2,No,2014,CDC - 500 Cities Project,Sub-county small area estimates use state and county data from the CDC's Behavioral Risk Factor Surveillance System (BRFSS) in tandem with demographic data for census tracts and cities. It is not appropriate to use this data for evaluation purposes.,,,,,,,,,
Adults with Arthritis,This indicator shows the percentage ofÂ adults aged 18 and over who have been told by a healthÂ professional that they have arthritis.,Census Tract,48453002403,15.5,percent,14.6,16.2,No,2014,CDC - 500 Cities Project,Sub-county small area estimates use state and county data from the CDC's Behavioral Risk Factor Surveillance System (BRFSS) in tandem with demographic data for census tracts and cities. It is not appropriate to use this data for evaluation purposes.,,,,,,,,,
Adults with Arthritis,This indicator shows the percentage ofÂ adults aged 18 and over who have been told by a healthÂ professional that they have arthritis.,Census Tract,48453002407,13.4,percent,12.7,14,No,2014,CDC - 500 Cities Project,Sub-county small area estimates use state and county data from the CDC's Behavioral Risk Factor Surveillance System (BRFSS) in tandem with demographic data for census tracts and cities. It is not appropriate to use this data for evaluation purposes.,,,,,,,,,
Adults with Arthritis,This indicator shows the percentage ofÂ adults aged 18 and over who have been told by a healthÂ professional that they have arthritis.,Census Tract,48453002409,17,percent,16.3,17.7,No,2014,CDC - 500 Cities Project,Sub-county small area estimates use state and county data from the CDC's Behavioral Risk Factor Surveillance System (BRFSS) in tandem with demographic data for census tracts and cities. It is not appropriate to use this data for evaluation purposes.,,,,,,,,,
Adults with Arthritis,This indicator shows the percentage ofÂ adults aged 18 and over who have been told by a healthÂ professional that they have arthritis.,Census Tract,48453002410,15.4,percent,14.8,16.1,No,2014,CDC - 500 Cities Project,Sub-county small area estimates use state and county data from the CDC's Behavioral Risk Factor Surveillance System (BRFSS) in tandem with demographic data for census tracts and cities. It is not appropriate to use this data for evaluation purposes.,,,,,,,,,
Adults with Arthritis,This indicator shows the percentage ofÂ adults aged 18 and over who have been told by a healthÂ professional that they have arthritis.,Census Tract,48453002411,15.8,percent,15,16.5,No,2014,CDC - 500 Cities Project,Sub-county small area estimates use state and county data from the CDC's Behavioral Risk Factor Surveillance System (BRFSS) in tandem with demographic data for census tracts and cities. It is not appropriate to use this data for evaluation purposes.,,,,,,,,,
Adults with Arthritis,This indicator shows the percentage ofÂ adults aged 18 and over who have been told by a healthÂ professional that they have arthritis.,Census Tract,48453002412,15.7,percent,15,16.5,No,2014,CDC - 500 Cities Project,Sub-county small area estimates use state and county data from the CDC's Behavioral Risk Factor Surveillance System (BRFSS) in tandem with demographic data for census tracts and cities. It is not appropriate to use this data for evaluation purposes.,,,,,,,,,
Adults with Arthritis,This indicator shows the percentage ofÂ adults aged 18 and over who have been told by a healthÂ professional that they have arthritis.,Census Tract,48453002413,14.7,percent,14,15.4,No,2014,CDC - 500 Cities Project,Sub-county small area estimates use state and county data from the CDC's Behavioral Risk Factor Surveillance System (BRFSS) in tandem with demographic data for census tracts and cities. It is not appropriate to use this data for evaluation purposes.,,,,,,,,,
Adults with Arthritis,This indicator shows the percentage ofÂ adults aged 18 and over who have been told by a healthÂ professional that they have arthritis.,Census Tract,48453002419,10.1,percent,9.6,10.5,No,2014,CDC - 500 Cities Project,Sub-county small area estimates use state and county data from the CDC's Behavioral Risk Factor Surveillance System (BRFSS) in tandem with demographic data for census tracts and cities. It is not appropriate to use this data for evaluation purposes.,,,,,,,,,
Adults with Arthritis,This indicator shows the percentage ofÂ adults aged 18 and over who have been told by a healthÂ professional that they have arthritis.,Census Tract,48453002421,10.7,percent,10.1,11.3,No,2014,CDC - 500 Cities Project,Sub-county small area estimates use state and county data from the CDC's Behavioral Risk Factor Surveillance System (BRFSS) in tandem with demographic data for census tracts and cities. It is not appropriate to use this data for evaluation purposes.,,,,,,,,,
Adults with Arthritis,This indicator shows the percentage ofÂ adults aged 18 and over who have been told by a healthÂ professional that they have arthritis.,Census Tract,48453002422,15.4,percent,14.8,16,No,2014,CDC - 500 Cities Project,Sub-county small area estimates use state and county data from the CDC's Behavioral Risk Factor Surveillance System (BRFSS) in tandem with demographic data for census tracts and cities. It is not appropriate to use this data for evaluation purposes.,,,,,,,,,
Adults with Arthritis,This indicator shows the percentage ofÂ adults aged 18 and over who have been told by a healthÂ professional that they have arthritis.,Census Tract,48453002423,15.3,percent,14.5,16.1,No,2014,CDC - 500 Cities Project,Sub-county small area estimates use state and county data from the CDC's Behavioral Risk Factor Surveillance System (BRFSS) in tandem with demographic data for census tracts and cities. It is not appropriate to use this data for evaluation purposes.,,,,,,,,,
Adults with Arthritis,This indicator shows the percentage ofÂ adults aged 18 and over who have been told by a healthÂ professional that they have arthritis.,Census Tract,48453002424,17.3,percent,16.6,18,No,2014,CDC - 500 Cities Project,Sub-county small area estimates use state and county data from the CDC's Behavioral Risk Factor Surveillance System (BRFSS) in tandem with demographic data for census tracts and cities. It is not appropriate to use this data for evaluation purposes.,,,,,,,,,
Adults with Arthritis,This indicator shows the percentage ofÂ adults aged 18 and over who have been told by a healthÂ professional that they have arthritis.,Census Tract,48453002425,10.5,percent,10.1,10.9,No,2014,CDC - 500 Cities Project,Sub-county small area estimates use state and county data from the CDC's Behavioral Risk Factor Surveillance System (BRFSS) in tandem with demographic data for census tracts and cities. It is not appropriate to use this data for evaluation purposes.,,,,,,,,,
Adults with Arthritis,This indicator shows the percentage ofÂ adults aged 18 and over who have been told by a healthÂ professional that they have arthritis.,Census Tract,48453002426,11.7,percent,11.3,12.2,No,2014,CDC - 500 Cities Project,Sub-county small area estimates use state and county data from the CDC's Behavioral Risk Factor Surveillance System (BRFSS) in tandem with demographic data for census tracts and cities. It is not appropriate to use this data for evaluation purposes.,,,,,,,,,
Adults with Arthritis,This indicator shows the percentage ofÂ adults aged 18 and over who have been told by a healthÂ professional that they have arthritis.,Census Tract,48453002427,15.6,percent,14.7,16.3,No,2014,CDC - 500 Cities Project,Sub-county small area estimates use state and county data from the CDC's Behavioral Risk Factor Surveillance System (BRFSS) in tandem with demographic data for census tracts and cities. It is not appropriate to use this data for evaluation purposes.,,,,,,,,,
Adults with Arthritis,This indicator shows the percentage ofÂ adults aged 18 and over who have been told by a healthÂ professional that they have arthritis.,Census Tract,48453002428,21,percent,19.9,22.1,No,2014,CDC - 500 Cities Project,Sub-county small area estimates use state and county data from the CDC's Behavioral Risk Factor Surveillance System (BRFSS) in tandem with demographic data for census tracts and cities. It is not appropriate to use this data for evaluation purposes.,,,,,,,,,
Adults with Arthritis,This indicator shows the percentage ofÂ adults aged 18 and over who have been told by a healthÂ professional that they have arthritis.,Census Tract,48453002429,7.2,percent,6.8,7.7,No,2014,CDC - 500 Cities Project,Sub-county small area estimates use state and county data from the CDC's Behavioral Risk Factor Surveillance System (BRFSS) in tandem with demographic data for census tracts and cities. It is not appropriate to use this data for evaluation purposes.,,,,,,,,,
Adults with Arthritis,This indicator shows the percentage ofÂ adults aged 18 and over who have been told by a healthÂ professional that they have arthritis.,Census Tract,48453002430,17,percent,16.1,17.9,No,2014,CDC - 500 Cities Project,Sub-county small area estimates use state and county data from the CDC's Behavioral Risk Factor Surveillance System (BRFSS) in tandem with demographic data for census tracts and cities. It is not appropriate to use this data for evaluation purposes.,,,,,,,,,
Adults with Arthritis,This indicator shows the percentage ofÂ adults aged 18 and over who have been told by a healthÂ professional that they have arthritis.,Census Tract,48453002431,13.6,percent,13,14.3,No,2014,CDC - 500 Cities Project,Sub-county small area estimates use state and county data from the CDC's Behavioral Risk Factor Surveillance System (BRFSS) in tandem with demographic data for census tracts and cities. It is not appropriate to use this data for evaluation purposes.,,,,,,,,,
Adults with Arthritis,This indicator shows the percentage ofÂ adults aged 18 and over who have been told by a healthÂ professional that they have arthritis.,Census Tract,48453002432,19.8,percent,18.8,20.8,No,2014,CDC - 500 Cities Project,Sub-county small area estimates use state and county data from the CDC's Behavioral Risk Factor Surveillance System (BRFSS) in tandem with demographic data for census tracts and cities. It is not appropriate to use this data for evaluation purposes.,,,,,,,,,
Adults with Arthritis,This indicator shows the percentage ofÂ adults aged 18 and over who have been told by a healthÂ professional that they have arthritis.,Census Tract,48453002433,12.4,percent,11.8,13,No,2014,CDC - 500 Cities Project,Sub-county small area estimates use state and county data from the CDC's Behavioral Risk Factor Surveillance System (BRFSS) in tandem with demographic data for census tracts and cities. It is not appropriate to use this data for evaluation purposes.,,,,,,,,,
Adults with Arthritis,This indicator shows the percentage ofÂ adults aged 18 and over who have been told by a healthÂ professional that they have arthritis.,Census Tract,48453002435,12.6,percent,12,13.3,No,2014,CDC - 500 Cities Project,Sub-county small area estimates use state and county data from the CDC's Behavioral Risk Factor Surveillance System (BRFSS) in tandem with demographic data for census tracts and cities. It is not appropriate to use this data for evaluation purposes.,,,,,,,,,
Adults with Arthritis,This indicator shows the percentage ofÂ adults aged 18 and over who have been told by a healthÂ professional that they have arthritis.,Census Tract,48453002500,15.1,percent,14.4,15.8,No,2014,CDC - 500 Cities Project,Sub-county small area estimates use state and county data from the CDC's Behavioral Risk Factor Surveillance System (BRFSS) in tandem with demographic data for census tracts and cities. It is not appropriate to use this data for evaluation purposes.,,,,,,,,,
